loss,val_loss
0.013298549689352512,0.0009857272962108254
0.003956108819693327,0.0003723513800650835
0.003387385979294777,0.0005623873439617455
0.0029841712675988674,0.00010720291902543977
0.0025163099635392427,8.715703734196723e-05
0.0023985395673662424,0.000238316846662201
0.0020850326400250196,8.79951476235874e-05
0.0018993060803040862,8.760955824982375e-05
0.0017045530257746577,0.00011704766075126827
0.0015499717555940151,0.00021668587578460574
