loss,val_loss
0.0055758110247552395,0.0013570986920967698
